序号,类型(0:int;1:double),对应的宏变量,描述,界面是否可见（1:可见;0:不可见）,最小值,最大值,当前值
1,0,NUM_AXIS_USED,控制轴数,1,2,5,7
2,0,AXIS_NAME_Y,Y轴轴名定义,1,65,90,89
3,0,AXIS_NAME_4,4TH轴轴名定义,1,65,90,66
4,0,AXIS_NAME_5,5TH轴轴名定义,1,65,90,67
5,0,YAxisType0,设定Y轴类型(0:直线轴 1:旋转轴),0,0,1,0
6,0,YAxisType1,设定Y轴为旋转轴时的类型(0:旋转轴A型 1:旋转轴B型),0,0,1,0
7,0,YAxisAbsPos360Cir,Y轴为旋转轴时绝对坐标循环功能(0:无效 1:有效),0,0,1,0
8,0,YAxisHandyRotate,Y轴为旋转轴时(0:就近旋转 1:按符号方向旋转),0,0,1,0
9,0,YAxisRelPos360Cir,Y轴为旋转轴时相对坐标循环功能(0:无效 1:有效),0,0,1,0
10,0,Th4AxisType0,设定4th轴为(0:直线轴 1:旋转轴),0,0,1,0
11,0,Th4AxisType1,设定4th轴为旋转轴时的类型(0:旋转轴A型 1:旋转轴B型),0,0,1,0
12,0,Th4AxisAbsPos360Cir,4th轴为旋转轴时绝对坐标循环功能(0:无效 1:有效),0,0,1,0
13,0,Th4AxisHandyRotate,4th轴为旋转轴时(0:就近旋转 1:按符号方向旋转),0,0,1,0
14,0,Th4AxisRelPos360Cir,4th轴为旋转轴时相对坐标循环功能(0:无效 1:有效),0,0,1,0
15,0,Th5AxisType0,设定5th轴为(0:直线轴 1:旋转轴),0,0,1,0
16,0,Th5AxisType1,设定5th轴为旋转轴时的类型(0:旋转轴A型 1:旋转轴B型),0,0,1,0
17,0,Th5AxisAbsPos360Cir,5th轴为旋转轴时绝对坐标循环功能(0:无效 1:有效),0,0,1,0
18,0,Th5AxisHandyRotate,5th轴为旋转轴时(0:就近旋转 1:按符号方向旋转),0,0,1,0
19,0,Th5AxisRelPos360Cir,5th轴为旋转轴时相对坐标循环功能(0:无效 1:有效),0,0,1,0
20,0,IS_ABS_ENC_X,X轴编码器为(0:增量式 1:绝对值),1,0,1,1
21,0,IS_ABS_ENC_Z,Z轴编码器为(0:增量式 1:绝对值),1,0,1,1
22,0,IS_ABS_ENC_Y,Y轴编码器为(0:增量式 1:绝对值),1,0,1,1
23,0,IS_ABS_ENC_4,4th轴编码器为(0:增量式 1:绝对值),1,0,1,1
24,0,IS_ABS_ENC_5,5th轴编码器为(0:增量式 1:绝对值),1,0,1,1
25,0,MOTION_DIRECTION_X,X轴电机旋转方向为(0:负 1:正)向移动,1,0,1,0
26,0,MOTION_DIRECTION_Z,Z轴电机旋转方向为(0:负 1:正)向移动,1,0,1,0
27,0,MOTION_DIRECTION_Y,Y轴电机旋转方向为(0:负 1:正)向移动,1,0,1,1
28,0,MOTION_DIRECTION_4,4th轴电机旋转方向为(0:负 1:正)向移动,1,0,1,1
29,0,MOTION_DIRECTION_5,5th轴电机旋转方向为(0:负 1:正)向移动,1,0,1,1
30,0,XMoveKeyReverse,X轴移动键是否取反(0:否 1:是),0,0,1,0
31,0,ZMoveKeyReverse,Z轴移动键是否取反(0:否 1:是),0,0,1,0
32,0,YMoveKeyReverse,Y轴移动键是否取反(0:否 1:是),0,0,1,0
33,0,Th4MoveKeyReverse,4th轴移动键是否取反(0:否 1:是),0,0,1,0
34,0,Th5MoveKeyReverse,5th轴移动键是否取反(0:否 1:是),0,0,1,0
35,0,AXIS_CMR_X,X进给轴每转脉冲数(脉冲输入倍频系数),1,1,99999999,114
36,0,AXIS_CMR_Z,Z进给轴每转脉冲数(脉冲输入倍频系数),1,1,99999999,514
37,0,AXIS_CMR_Y,Y进给轴每转脉冲数(脉冲输入倍频系数),1,1,99999999,131072
38,0,AXIS_CMR_4,4TH进给轴每转脉冲数(脉冲输入倍频系数),1,1,99999999,131072
39,0,AXIS_CMR_5,5TH进给轴每转脉冲数(脉冲输入倍频系数),1,1,99999999,131072
40,0,AXIS_CMD_X,X进给轴螺距*1000(脉冲输出分频系数 ),1,1,99999999,5000
41,0,AXIS_CMD_Z,Z进给轴螺距*1000(脉冲输出分频系数 ),1,1,99999999,10000
42,0,AXIS_CMD_Y,Y进给轴螺距*1000(脉冲输出分频系数 ),1,1,99999999,10000
43,0,AXIS_CMD_4,4TH进给轴螺距*1000(脉冲输出分频系数 ),1,1,99999999,10000
44,0,AXIS_CMD_5,5TH进给轴螺距*1000(脉冲输出分频系数 ),1,1,99999999,10000
45,1,FERROR_MIN_X,X轴跟随误差报警限制值,0,0,99999,1
46,1,FERROR_MIN_Z,Z轴跟随误差报警限制值,0,0,99999,1
47,1,FERROR_MIN_Y,Y轴跟随误差报警限制值,0,0,99999,1
48,1,FERROR_MIN_4,4th轴跟随误差报警限制值,0,0,99999,1
49,1,FERROR_MIN_5,5th轴跟随误差报警限制值,0,0,99999,1
50,1,FERROR_MAX_X,X轴最高速度跟随误差限制值,0,0,99999,10
51,1,FERROR_MAX_Z,Z轴最高速度跟随误差限制值,0,0,99999,10
52,1,FERROR_MAX_Y,Y轴最高速度跟随误差限制值,0,0,99999,10
53,1,FERROR_MAX_4,4th轴最高速度跟随误差限制值,0,0,99999,10
54,1,FERROR_MAX_5,5th轴最高速度跟随误差限制值,0,0,99999,10
100,0,SPINDLE_BUS_CTRL_1,主轴1控制方式选择(0：总线主轴 1：模拟主轴),1,0,1,1
101,0,SPINDLE1_SPEED_OUTPUT_TYPE,主轴1模拟控制时速度模式输出（0：模拟电压 1：脉冲）,1,0,1,0
102,0,IS_CHECK_SPINDLE1_SPEED  ,切削前(0:不检查 1:检查)主轴1SAR信号,1,0,1,0
103,0,S1_SERVO_ALM_VOLATE   ,主轴1模拟控制时报警信号为(0:高 1:低)电平报警,1,0,1,0
104,0,S1_ORI_ONCE   ,主轴1定向(0:每次 1:首次)Mark,1,0,1,0
105,0,S1_ORI_MODE  ,主轴1定向方式(0:内部 1:外部),1,0,1,0
106,0,SPIND_INPUT_DIR_1   ,主轴1输入极性(0:正向 1:负向),1,0,1,0
107,0,SPIND_OUT_DIR_1   ,主轴1输出极性(0:正向 1:负向),1,0,1,0
108,0,SPINDLE_FEEDBACK_MODE_1,主轴1反馈方式（0：内编 1：外编接伺服 2：外编接系统）,1,0,2,2
109,0,SPINDLE_MOTOR_ENCODER_RESOLUTION_1 ,主轴1电机的一转脉冲数,1,1,99999999,10000
110,0,SPINDLE_ENCODER_RESOLUTION_1,主轴1外编的编码器一转脉冲数,1,1,99999999,10000
111,1,S1_GEAR1_CMR,主轴1第一档位齿轮比分子,1,1,99999999,1
112,1,S1_GEAR1_CMD,主轴1第一档位齿轮比分母,1,1,99999999,1
113,1,S1_GEAR2_CMR,主轴1第二档位齿轮比分子,1,1,99999999,1
114,1,S1_GEAR2_CMD,主轴1第二档位齿轮比分母,1,1,99999999,1
115,1,S1_GEAR3_CMR,主轴1第三档位齿轮比分子,1,1,99999999,1
116,1,S1_GEAR3_CMD,主轴1第三档位齿轮比分母,1,1,99999999,1
117,1,S1_GEAR4_CMR,主轴1第四档位齿轮比分子,1,1,99999999,1
118,1,S1_GEAR4_CMD,主轴1第四档位齿轮比分母,1,1,99999999,1
119,1,S1_GEAR5_CMR,主轴1第五档位齿轮比分子,1,1,99999999,1
120,1,S1_GEAR5_CMD,主轴1第五档位齿轮比分母,1,1,99999999,1
121,1,S1_GEAR6_CMR,主轴1第六档位齿轮比分子,1,1,99999999,1
122,1,S1_GEAR6_CMD,主轴1第六档位齿轮比分母,1,1,99999999,1
123,1,S1_GEAR7_CMR,主轴1第七档位齿轮比分子,1,1,99999999,1
124,1,S1_GEAR7_CMD,主轴1第七档位齿轮比分母,1,1,99999999,1
125,1,S1_GEAR8_CMR,主轴1第八档位齿轮比分子,1,1,99999999,1
126,1,S1_GEAR8_CMD,主轴1第八档位齿轮比分母,1,1,99999999,1
127,1,S1_GEAR1_MAX_SPEED,主轴1第一档位的最高转速（r/min）,1,10,9999,2000
128,1,S1_GEAR2_MAX_SPEED,主轴1第二档位的最高转速（r/min）,1,10,9999,6000
129,1,S1_GEAR3_MAX_SPEED,主轴1第三档位的最高转速（r/min）,1,10,9999,6000
130,1,S1_GEAR4_MAX_SPEED,主轴1第四档位的最高转速（r/min）,1,10,9999,6000
131,1,S1_GEAR5_MAX_SPEED,主轴1第五档位的最高转速（r/min）,1,10,9999,6000
132,1,S1_GEAR6_MAX_SPEED,主轴1第六档位的最高转速（r/min）,1,10,9999,6000
133,1,S1_GEAR7_MAX_SPEED,主轴1第七档位的最高转速（r/min）,1,10,9999,6000
134,1,S1_GEAR8_MAX_SPEED,主轴1第八档位的最高转速（r/min）,1,10,9999,6000
135,1,MAX_SPIND_SPEED_1,主轴1最大速度(r/min),1,1,99999,3000
136,1,SPINDLE1_SPOT_MOVE,主轴1点动时的旋转速度（r/min）,1,1,8000,60
137,1,SPINDLE1_GEAR_NUM,编码器与主轴1齿轮比参数:主轴齿轮数 ,1,1,255,1
138,1,S1_ENCODER_GEAR_NUM,编码器与主轴1齿轮比参数: 编码器齿轮数,1,1,255,1
139,1,S1_TAP_GEAR1_JIANXI,主轴1第一档位反转间隙补偿量,1,0,99,0
140,1,S1_TAP_GEAR2_JIANXI,主轴1第二档位反转间隙补偿量,1,0,99,0
141,1,S1_TAP_GEAR3_JIANXI,主轴1第三档位反转间隙补偿量,1,0,99,0
142,1,S1_TAP_GEAR4_JIANXI,主轴1第四档位反转间隙补偿量,1,0,99,0
143,1,S1_TAP_GEAR5_JIANXI,主轴1第五档位反转间隙补偿量,1,0,99,0
144,1,S1_TAP_GEAR6_JIANXI,主轴1第六档位反转间隙补偿量,1,0,99,0
145,1,S1_TAP_GEAR7_JIANXI,主轴1第七档位反转间隙补偿量,1,0,99,0
146,1,S1_TAP_GEAR8_JIANXI,主轴1第八档位反转间隙补偿量,1,0,99,0
147,0,SPINDLE1_CSAXIS_NUM,主轴1CS轴控制时关联的进给轴号,1,0,5,0
148,1,SPINDLE1_ORI_SPEED ,主轴1定向速度,1,0,200,60
149,1,SPINDLE1_ORI_OFFSET ,主轴1定向偏移,1,0,360,0
150,1,SPINDLE1_ACCELERATION ,主轴1定向加速度,1,0,99999999,10
151,1,MIMIC_1,主轴1模拟控制时电压零漂补偿,1,-2000,2000,0
152,1,SPINDLE1_SHIFT_OUT_V,主轴1模拟控制换档时输出的电压,1,0,10,0
153,1,SPINDLE1_COMP_SPEED_PERCENT  ,主轴1模拟控制速度到达百分比,1,0,1,0.1
200,0,SPINDLE_BUS_CTRL_2,主轴2控制方式选择(0：总线主轴 1：模拟主轴),1,0,1,1
201,0,SPINDLE2_SPEED_OUTPUT_TYPE,主轴2模拟控制时速度模式输出（0：模拟电压 1：脉冲）,1,0,1,0
202,0,IS_CHECK_SPINDLE2_SPEED  ,切削前(0:不检查 1:检查)主轴2SAR信号,1,0,1,0
203,0,S2_SERVO_ALM_VOLATE   ,主轴2模拟控制时报警信号为(0:高 1:低)电平报警,1,0,1,0
204,0,S2_ORI_ONCE   ,主轴2定向(0:每次 1:首次)Mark,1,0,1,0
205,0,S2_ORI_MODE  ,主轴2定向方式(0:内部 1:外部),1,0,1,0
206,0,SPIND_INPUT_DIR_2   ,主轴2输入极性(0:正向 1:负向),1,0,1,0
207,0,SPIND_OUT_DIR_2   ,主轴2输出极性(0:正向 1:负向),1,0,1,0
208,0,SPINDLE_FEEDBACK_MODE_2,主轴2反馈方式（0：内编 1：外编接伺服 2：外编接系统）,1,0,2,0
209,0,SPINDLE_MOTOR_ENCODER_RESOLUTION_2 ,主轴2电机的一转脉冲数,1,100,10000,4096
210,0,SPINDLE_ENCODER_RESOLUTION_2,主轴2外编的编码器一转脉冲数,1,1,99999999,4096
211,1,S2_GEAR1_CMR,主轴2第一档位齿轮比分子,1,1,99999999,1
212,1,S2_GEAR1_CMD,主轴2第一档位齿轮比分母,1,1,99999999,1
213,1,S2_GEAR2_CMR,主轴2第二档位齿轮比分子,1,1,99999999,1
214,1,S2_GEAR2_CMD,主轴2第二档位齿轮比分母,1,1,99999999,1
215,1,S2_GEAR3_CMR,主轴2第三档位齿轮比分子,1,1,99999999,1
216,1,S2_GEAR3_CMD,主轴2第三档位齿轮比分母,1,1,99999999,1
217,1,S2_GEAR4_CMR,主轴2第四档位齿轮比分子,1,1,99999999,1
218,1,S2_GEAR4_CMD,主轴2第四档位齿轮比分母,1,1,99999999,1
219,1,S2_GEAR5_CMR,主轴2第五档位齿轮比分子,1,1,99999999,1
220,1,S2_GEAR5_CMD,主轴2第五档位齿轮比分母,1,1,99999999,1
221,1,S2_GEAR6_CMR,主轴2第六档位齿轮比分子,1,1,99999999,1
222,1,S2_GEAR6_CMD,主轴2第六档位齿轮比分母,1,1,99999999,1
223,1,S2_GEAR7_CMR,主轴2第七档位齿轮比分子,1,1,99999999,1
224,1,S2_GEAR7_CMD,主轴2第七档位齿轮比分母,1,1,99999999,1
225,1,S2_GEAR8_CMR,主轴2第八档位齿轮比分子,1,1,99999999,1
226,1,S2_GEAR8_CMD,主轴2第八档位齿轮比分母,1,1,99999999,1
227,1,S2_GEAR1_MAX_SPEED,主轴2第一档位的最高转速（r/min）,1,10,9999,6000
228,1,S2_GEAR2_MAX_SPEED,主轴2第二档位的最高转速（r/min）,1,10,9999,6000
229,1,S2_GEAR3_MAX_SPEED,主轴2第三档位的最高转速（r/min）,1,10,9999,6000
230,1,S2_GEAR4_MAX_SPEED,主轴2第四档位的最高转速（r/min）,1,10,9999,6000
231,1,S2_GEAR5_MAX_SPEED,主轴2第五档位的最高转速（r/min）,1,10,9999,6000
232,1,S2_GEAR6_MAX_SPEED,主轴2第六档位的最高转速（r/min）,1,10,9999,6000
233,1,S2_GEAR7_MAX_SPEED,主轴2第七档位的最高转速（r/min）,1,10,9999,6000
234,1,S2_GEAR8_MAX_SPEED,主轴2第八档位的最高转速（r/min）,1,10,9999,6000
235,1,MAX_SPIND_SPEED_2,主轴2最大速度(r/min),1,1,99999,3000
236,1,SPINDLE2_SPOT_MOVE,主轴2点动时的旋转速度（r/min）,1,1,8000,60
237,1,SPINDLE2_GEAR_NUM,编码器与主轴2齿轮比参数:主轴齿轮数 ,1,1,255,1
238,1,S2_ENCODER_GEAR_NUM,编码器与主轴2齿轮比参数: 编码器齿轮数,1,1,255,1
239,1,S2_TAP_GEAR1_JIANXI,主轴2第一档位反转间隙补偿量,1,0,99,0
240,1,S2_TAP_GEAR2_JIANXI,主轴2第二档位反转间隙补偿量,1,0,99,0
241,1,S2_TAP_GEAR3_JIANXI,主轴2第三档位反转间隙补偿量,1,0,99,0
242,1,S2_TAP_GEAR4_JIANXI,主轴2第四档位反转间隙补偿量,1,0,99,0
243,1,S2_TAP_GEAR5_JIANXI,主轴2第五档位反转间隙补偿量,1,0,99,0
244,1,S2_TAP_GEAR6_JIANXI,主轴2第六档位反转间隙补偿量,1,0,99,0
245,1,S2_TAP_GEAR7_JIANXI,主轴2第七档位反转间隙补偿量,1,0,99,0
246,1,S2_TAP_GEAR8_JIANXI,主轴2第八档位反转间隙补偿量,1,0,99,0
247,0,SPINDLE2_CSAXIS_NUM,主轴2CS轴控制时关联的进给轴号,1,0,5,0
248,1,SPINDLE2_ORI_SPEED ,主轴2定向速度,1,0,200,60
249,1,SPINDLE2_ORI_OFFSET ,主轴2定向偏移,1,0,360,0
250,1,SPINDLE2_ACCELERATION ,主轴2定向加速度,1,0,99999999,10
251,1,MIMIC_2,主轴2模拟控制时电压零漂补偿,1,-2000,2000,0
252,1,SPINDLE2_SHIFT_OUT_V,主轴1模拟控制换档时输出的电压,1,0,10,0
253,1,SPINDLE2_COMP_SPEED_PERCENT  ,主轴2模拟控制速度到达百分比,1,0,1,0.1
300,0,IsFastFoStop,快速进给时快速进给倍率为F0时(0:不停止 1:停止),0,0,1,1
301,0,VanRunG00SpeedMode,空运行时G00运行的速度为(0:手动进给 1:快速速度),0,0,1,0
302,1,FEED_SPEED_X,X轴手动进给倍率为100%时的设定速度(mm/min),1,10,30000,2000
303,1,FEED_SPEED_Z,Z轴手动进给倍率为100%时的设定速度(mm/min),1,10,30000,2000
304,1,FEED_SPEED_Y,Y轴手动进给倍率为100%时的设定速度(mm/min),1,10,30000,2000
305,1,FEED_SPEED_4,4TH轴手动进给倍率为100%时的设定速度(mm/min),1,10,30000,2000
306,1,FEED_SPEED_5,5TH轴手动进给倍率为100%时的设定速度(mm/min),1,10,30000,2000
307,1,FAST_SPEED_X,X轴快速移动最高速度(半径值mm/min),1,10,99999999,5000
308,1,FAST_SPEED_Z,Z轴快速移动最高速度(mm/min),1,10,99999999,5000
309,1,FAST_SPEED_Y,Y轴快速移动最高速度(mm/min),1,10,99999999,5000
310,1,FAST_SPEED_4,4th轴快速移动最高速度(mm/min),1,10,99999999,5000
311,1,FAST_SPEED_5,5th轴快速移动最高速度(mm/min),1,10,99999999,5000
312,1,AXIS_MAX_SPEED_X,X轴的最大速度限制(mm/min),1,10,30000,8000
313,1,AXIS_MAX_SPEED_Z,Z轴的最大速度限制(mm/min),1,10,30000,8000
314,1,AXIS_MAX_SPEED_Y,Y轴的最大速度限制(mm/min),1,10,30000,8000
315,1,AXIS_MAX_SPEED_4,4TH轴的最大速度限制(mm/min),1,10,30000,8000
316,1,AXIS_MAX_SPEED_5,5TH轴的最大速度限制(mm/min),1,10,30000,8000
317,1,AXIS_MIN_SPEED,所有进给轴的速度下限/轴的起始速度/减速的中止速度（mm/min）,1,0,8000,10
318,1,INIT_RUN_SPEED,接通电源时的切削进给速度/上电默认的F值(mm/min),1,0,8000,300
319,1,FAST_RUN_F0_SPEED   ,快速移动倍率为F0时的快速移动速度(mm/min),0,0,4000,400
320,1,MAX_VEL,所有进给轴的速度上限(mm/min),1,0,99999,10000
400,0,FastAccDccType0,快速运行为(0:直线型 1:前加减速S型/后加减速指数型) ,0,0,1,1
401,0,FastAccDccType1  ,快速运行方式(0:前加减速 1:后加减速) ,0,0,1,0
402,0,CutAccDccType0   ,切削进给为(0:直线型 1:前加减速S型/后加减速指数型) ,0,0,1,1
403,0,CutAccDccType1   ,切削进给方式(0:前加减速 1:后加减速) ,0,0,1,0
404,0,JOGAccDccStyle   ,JOG运行选择(0:直线 1:指数)型加减速 ,0,0,1,0
405,0,WheelAccDccStyle   ,手轮运行选择(0:直线 1:指数)型加减速 ,0,0,1,1
406,0,AccLitEnable  ,指数型加减速切削进给加速度是否钳制(0:否 1:是) ,0,0,1,0
407,0,FEED_ACC_PERIOD_X,X轴进给的直线型加减速时间常数(ms),1,1,9999,100
408,0,FEED_ACC_PERIOD_Z,Z轴进给的直线型加减速时间常数(ms),1,1,9999,100
409,0,FEED_ACC_PERIOD_Y,Y轴进给的直线型加减速时间常数(ms),1,1,9999,100
410,0,FEED_ACC_PERIOD_4,4TH轴进给的直线型加减速时间常数(ms),1,1,9999,100
411,0,FEED_ACC_PERIOD_5,5TH轴进给的直线型加减速时间常数(ms),1,1,9999,100
412,0,FAST_ACC_PERIOD_X,X轴JOG进给的直线型加减速时间常数(ms),1,1,9999,50
413,0,FAST_ACC_PERIOD_Z,Z轴JOG进给的直线型加减速时间常数(ms),1,1,9999,50
414,0,FAST_ACC_PERIOD_Y,Y轴JOG进给的直线型加减速时间常数(ms),1,1,9999,50
415,0,FAST_ACC_PERIOD_4,4TH轴JOG进给的直线型加减速时间常数(ms),1,1,9999,50
416,0,FAST_ACC_PERIOD_5,5TH轴JOG进给的直线型加减速时间常数(ms),1,1,9999,50
417,0,AXIS_MAX_ACC_PERIOD_X,X轴最大直线型加减速时间常数(ms),1,1,9999,50
418,0,AXIS_MAX_ACC_PERIOD_Z,Z轴最大直线型加减速时间常数(ms),1,1,9999,50
419,0,AXIS_MAX_ACC_PERIOD_Y,Y轴最大直线型加减速时间常数(ms),1,1,9999,50
420,0,AXIS_MAX_ACC_PERIOD_4,4TH轴最大直线型加减速时间常数(ms),1,1,9999,50
421,0,AXIS_MAX_ACC_PERIOD_5,5TH轴最大直线型加减速时间常数(ms),1,1,9999,50
422,0,MAX_ACC_PERIOD,所有进给轴的加速度上限 单位：周期 多少个周期加速到最大速度,1,1,9999,20
500,0,IsExcuteScrewComp,螺距误差补偿功能(0:无效 1:有效) ,1,0,1,1
501,0,REF_SCW_NUM_X,X轴机床零点位置对应的螺距误差补偿位置号,1,0,1199,0
502,0,REF_SCW_NUM_Z,Z轴机床零点位置对应的螺距误差补偿位置号,1,0,1199,0
503,0,REF_SCW_NUM_Y,Y轴机床零点位置对应的螺距误差补偿位置号,1,0,1199,0
504,0,REF_SCW_NUM_A,4th轴机床零点位置对应的螺距误差补偿位置号,1,0,1199,0
505,0,REF_SCW_NUM_B,5th轴机床零点位置对应的螺距误差补偿位置号,1,0,1199,0
506,1,SCW_COMP_DISTANCE_X,X轴螺距误差补偿间隔距离(mm),1,-99999999,99999999,10
507,1,SCW_COMP_DISTANCE_Z,Z轴螺距误差补偿间隔距离(mm),1,-99999999,99999999,10
508,1,SCW_COMP_DISTANCE_Y,Y轴螺距误差补偿间隔距离(mm),1,-99999999,99999999,10
509,1,SCW_COMP_DISTANCE_A,4th轴螺距误差补偿间隔距离(mm),1,-99999999,99999999,10
510,1,SCW_COMP_DISTANCE_B,5th轴螺距误差补偿间隔距离(mm),1,-99999999,99999999,10
511,1,SCW_COMP_FORD_X ,X轴螺距误差补偿倍率,1,0,10,0.001
512,1,SCW_COMP_FORD_Z ,Z轴螺距误差补偿倍率,1,0,10,0.001
513,1,SCW_COMP_FORD_Y ,Y轴螺距误差补偿倍率,1,0,10,0.001
514,1,SCW_COMP_FORD_A ,4th轴螺距误差补偿倍率,1,0,10,0.001
515,1,SCW_COMP_FORD_B   ,5th轴螺距误差补偿倍率,1,0,10,0.001
600,1,JIAN_XI_COMP_VAL_X,X轴反向间隙补偿量（mm）,1,0,20000,0
601,1,JIAN_XI_COMP_VAL_Z,Z轴反向间隙补偿量（mm）,1,0,20000,0
602,1,JIAN_XI_COMP_VAL_Y,Y轴反向间隙补偿量(mm),1,0,20000,0
603,1,JIAN_XI_COMP_VAL_4,4th轴反向间隙补偿量(mm),1,0,20000,0
604,1,JIAN_XI_COMP_VAL_5,5th轴反向间隙补偿量(mm),1,0,20000,0
605,1,JIAN_XI_RET_MINM ,反向间隙补偿确定反向的精度(mm) ,1,-999,999,0.01
700,0,MACHINE_ZERO_TYPE_X,X轴无一转信号时回零方式选择(0:A方式 1:B方式),1,0,1,1
701,0,MACHINE_ZERO_TYPE_Z,Z轴无一转信号时回零方式选择(0:A方式 1:B方式),1,0,1,1
702,0,MACHINE_ZERO_TYPE_Y,Y轴无一转信号时回零方式选择(0:A方式 1:B方式),1,0,1,1
703,0,MACHINE_ZERO_TYPE_4,4TH轴无一转信号时回零方式选择(0:A方式 1:B方式),1,0,1,1
704,0,MACHINE_ZERO_TYPE_5,5TH轴无一转信号时回零方式选择(0:A方式 1:B方式),1,0,1,1
705,0,IS_MACHINE_ZERO_SWITCH_X,X轴机械回零开关(0:无 不检测减速信号 1:有检测减速信号),1,0,1,0
706,0,IS_MACHINE_ZERO_SWITCH_Z,Z轴机械回零开关(0:无 不检测减速信号 1:有检测减速信号),1,0,1,0
707,0,IS_MACHINE_ZERO_SWITCH_Y,Y轴机械回零开关(0:无 不检测减速信号 1:有检测减速信号),1,0,1,0
708,0,IS_MACHINE_ZERO_SWITCH_4,4TH轴机械回零开关(0:无 不检测减速信号 1:有检测减速信号),1,0,1,0
709,0,IS_MACHINE_ZERO_SWITCH_5,5TH轴机械回零开关(0:无 不检测减速信号 1:有检测减速信号),1,0,1,0
710,0,IS_MACHINE_ZERO_MARK_X ,X轴回零方式选择:(0:无 1:有)一转信号,1,0,1,0
711,0,IS_MACHINE_ZERO_MARK_Z,Z轴回零方式选择:(0:无 1:有)一转信号,1,0,1,0
712,0,IS_MACHINE_ZERO_MARK_Y,Y轴回零方式选择:(0:无 1:有)一转信号,1,0,1,0
713,0,IS_MACHINE_ZERO_MARK_4,4TH轴回零方式选择:(0:无 1:有)一转信号,1,0,1,0
714,0,IS_MACHINE_ZERO_MARK_5,5TH轴回零方式选择:(0:无 1:有)一转信号,1,0,1,0
715,0,MACHINE_ZERO_BEFOR_OR_AFTER_X ,X轴回零模式选择(0:档块前 1:档块后),1,0,1,1
716,0,MACHINE_ZERO_BEFOR_OR_AFTER_Z,Z轴回零模式选择(0:档块前 1:档块后),1,0,1,1
717,0,MACHINE_ZERO_BEFOR_OR_AFTER_Y,Y轴回零模式选择(0:档块前 1:档块后),1,0,1,1
718,0,MACHINE_ZERO_BEFOR_OR_AFTER_4,4TH轴回零模式选择(0:档块前 1:档块后),1,0,1,1
719,0,MACHINE_ZERO_BEFOR_OR_AFTER_5,5TH轴回零模式选择(0:档块前 1:档块后),1,0,1,1
720,0,MACHINE_ZERO_DIRECTION_X,X轴返回参考点方向为(0:负 1:正)方向,1,0,1,1
721,0,MACHINE_ZERO_DIRECTION_Z,Z轴返回参考点方向为(0:负 1:正)方向,1,0,1,1
722,0,MACHINE_ZERO_DIRECTION_Y,Y轴返回参考点方向为(0:负 1:正)方向,1,0,1,1
723,0,MACHINE_ZERO_DIRECTION_4,4th轴返回参考点方向为(0:负 1:正)方向,1,0,1,1
724,0,MACHINE_ZERO_DIRECTION_5,5th轴返回参考点方向为(0:负 1:正)方向,1,0,1,1
725,1,MACHINE_ZERO_HIGH_SPEED_X,X轴回机床零点的高速速度(mm/min),1,10,99999999,4000
726,1,MACHINE_ZERO_HIGH_SPEED_Z,Z轴回机床零点的高速速度(mm/min),1,10,99999999,4000
727,1,MACHINE_ZERO_HIGH_SPEED_Y,Y轴回机床零点的高速速度(mm/min),1,10,99999999,4000
728,1,MACHINE_ZERO_HIGH_SPEED_4,4th轴回机床零点的高速速度(mm/min),1,10,99999999,4000
729,1,MACHINE_ZERO_HIGH_SPEED_5,5th轴回机床零点的高速速度(mm/min),1,10,99999999,4000
730,1,MACHINE_ZERO_LOW_SPEED_X,X轴返回机床零点的低速速度(mm/min),1,6,4000,40
731,1,MACHINE_ZERO_LOW_SPEED_Z,Z轴返回机床零点的低速速度(mm/min),1,6,4000,40
732,1,MACHINE_ZERO_LOW_SPEED_Y,Y轴回机床零点的低速速度(mm/min),1,6,4000,40
733,1,MACHINE_ZERO_LOW_SPEED_4,4th轴回机床零点的低速速度(mm/min),1,6,4000,40
734,1,MACHINE_ZERO_LOW_SPEED_5,5th轴回机床零点的低速速度(mm/min),1,6,4000,40
735,1,MACHINE_ZERO_OFFSET_X,X轴机床零点偏移量(mm),1,-999999,999999,0
736,1,MACHINE_ZERO_OFFSET_Z,Z轴机床零点偏移量(mm),1,-999999,999999,0
737,1,MACHINE_ZERO_OFFSET_Y,Y轴机床零点偏移量(mm),1,-999999,999999,0
738,1,MACHINE_ZERO_OFFSET_4,4th轴机床零点偏移量(mm),1,-999999,999999,0
739,1,MACHINE_ZERO_OFFSET_5,5th轴机床零点偏移量(mm),1,-999999,999999,0
740,0,MACHINE_ZERO_REMEMBER,机械零点（0:不记忆 1:记忆）如果记忆且已经回零则直接G0到零点/如果不记忆则每次都走回零过程,1,0,1,1
742,0,Machine_Zero_Axis_Num,手动回零点(0:可以 1:不能)同时选择多轴,0,0,1,0
743,0,Pre_Ref_Zero_Hang_Fast,通电后回机械零点前 手动快速移动（0：无效 1：有效）,0,0,1,1
744,0,Mach_Zero_Fast_Or_Jog,参考点建立记忆后手动返回参考点为(0:快速 1:手动)速度,0,0,1,1
745,0,No_Ref_Point_G28_Deal,参考点没建立时的G28指令(0:使用挡块 1:报警),0,0,1,1
746,0,No_Ref_Point_Is_Warn,参考点没建立时执行G28以外指令(0:不报警 1:报警),0,0,1,0
747,0,Is_M_Zero_Set_Rlt_Coord,进行参考点返回的相对坐标(0:不取消 1:取消) 取消就是让相对坐标一直是0,0,0,1,0
800,0,STEP_AND_HAND,(0:单步 1:手轮)方式,0,0,1,1
801,0,X_WHEEL_LENGTH,X轴手轮或单步按(0:坐标 1:机床)移动量,0,0,1,0
802,0,WHEEL_STOP_STYLE,手轮轮盘转动位移量是否全部运行(0:否 1:是),1,0,1,0
803,0,HAND_WHEEL_DIRECTION_X,X轴手轮(0:顺 1:逆)时针旋转时坐标增大,1,0,1,1
804,0,HAND_WHEEL_DIRECTION_Z,Z轴手轮(0:顺 1:逆)时针旋转时坐标增大,1,0,1,0
805,0,HAND_WHEEL_DIRECTION_Y,Y轴手轮(0:顺 1:逆)时针旋转时坐标增大,1,0,1,0
806,0,HAND_WHEEL_DIRECTION_4,4th轴手轮(0:顺 1:逆)时针旋转时坐标增大,1,0,1,0
807,0,HAND_WHEEL_DIRECTION_5,5th轴手轮(0:顺 1:逆)时针旋转时坐标增大,1,0,1,0
808,1,HAND_WHEEL_MAX_SPEED_X,X轴的手轮最大速度(mm/min),1,1,9999,3000
809,1,HAND_WHEEL_MAX_SPEED_Z,Z轴的手轮最大速度(mm/min),1,1,9999,3000
810,1,HAND_WHEEL_MAX_SPEED_Y,Y轴的手轮最大速度(mm/min),1,1,9999,3000
811,1,HAND_WHEEL_MAX_SPEED_4,4TH轴的手轮最大速度(mm/min),1,1,9999,3000
812,1,HAND_WHEEL_MAX_SPEED_5,5TH轴的手轮最大速度(mm/min),1,1,9999,3000
813,0,WHEEL_USED_ENCODE_X,（0：不使用 1使用）是否打开多个手轮分别控制X轴和Z轴,1,0,1,1
814,0,WHEEL_USED_ENCODE_Z,（0：不使用 1使用）是否使用编码器接口做为手轮的输入值-电子车专用参数,0,0,1,0
815,0,WHEEL_USED_ENCODE_Y,（0：不使用 1使用）是否使用编码器接口做为手轮的输入值-电子车专用参数,0,0,1,0
816,0,WHEEL_USED_ENCODE_4,（0：不使用 1使用）是否使用编码器接口做为手轮的输入值-电子车专用参数,0,0,1,0
817,0,WHEEL_USED_ENCODE_5,（0：不使用 1使用）是否使用编码器接口做为手轮的输入值-电子车专用参数,0,0,1,0
900,0,TOOL_MAX_NUM,总刀位数选择（设定1为排刀架）,1,1,32,4
901,0,RUN_COMP_MODE,以(0:移动 1:坐标偏移)方式执行刀具偏置,1,0,1,1
902,0,DEFAULT_COMP_DORR,刀具补偿值以(0:直径 1:半径)值表示,1,0,1,0
903,0,IS_TOOL_WORK_OFT,No.0刀补平移工件坐标系(0:无效 1:有效),0,0,1,1
904,1,OFT_MAX_VAL,刀具补偿界面中每次输入刀具磨损量的正/负极限值(mm),1,-9,9,1
905,0,CR_C_DELTA,刀具半径补偿C中沿拐角外侧移动时忽视矢量的极限值,0,-999,999,0
906,0,CR_MAX_ERROR,刀具半径补偿C的最大值误差值,0,-999,999,0.001
1000,0,SHIELD_EXTERN_OUT_ESP,是否检查急停信号(0:检查 1:不检查),0,0,1,0
1001,0,SHIELD_EXTERN_IN_ESP,是否检查键盘急停信号(0:检查 1:不检查),0,0,1,0
1002,0,ALL_AXIS_LOCK_SINGLE,所有轴互锁信号是否有效(0:否 1:是),0,0,1,0
1003,0,ESP_ALM_PERMIT,是否忽略急停报警(0:否 1:是),0,0,1,0
1004,0,HARD_LIMIT_POS_ALM_PERMIT  ,是否忽略硬限位报警(0:否 1:是),0,0,1,0
1005,0,CHECK_SOFT_LIMIT_BEFOR_MOVE,移动前是否行程检测(0:否 1:是),0,0,1,1
1006,0,RefPoint2Type,第二行程限位的禁入区域(0:里面 1:外面),0,0,1,1
1007,0,PreRefZeroPosCheck,回机械零点前软限位是否有效(0:无效 1:有效),0,0,1,1
1008,0,PreLimtPosAlm,发出超程指令时在超程(0:前 1:后)报警,0,0,1,1
1009,0,FirstG12OrG13,接通电源或清除状态时设定行程检测(0:开启 1:关闭),0,0,1,1
1010,1,SOFT_LIMIT_MAX_X,X轴正向最大行程(第一行程极限mm),1,-99999999,99999999,9999
1011,1,SOFT_LIMIT_MAX_Z,Z轴正向最大行程(第一行程极限mm),1,-99999999,99999999,9999
1012,1,SOFT_LIMIT_MAX_Y,Y轴正向最大行程(mm),1,-99999999,99999999,9999
1013,1,SOFT_LIMIT_MAX_4,4th轴正向最大行程(mm),1,-99999999,99999999,9999
1014,1,SOFT_LIMIT_MAX_5,5th轴正向最大行程(mm),1,-99999999,99999999,9999
1015,1,SOFT_LIMIT_MIN_X,X轴负向最大行程(第一行程极限mm),1,-99999999,99999999,-9999
1016,1,SOFT_LIMIT_MIN_Z,Z轴负向最大行程(第一行程极限mm),1,-99999999,99999999,-9999
1017,1,SOFT_LIMIT_MIN_Y,Y轴负向最大行程(mm),1,-99999999,99999999,-9999
1018,1,SOFT_LIMIT_MIN_4,4th轴负向最大行程(mm),1,-99999999,99999999,-9999
1019,1,SOFT_LIMIT_MIN_5,5th轴负向最大行程(mm),1,-99999999,99999999,-9999
1100,0,PrgAutoLineNum,自动插入程序段号时的段号增量值,0,1,100,10
1101,1,CtrlPrecDegree ,切削进给到位精度,0,0,10,0.03
1102,1,RadiusError,圆弧半径误差最大值,0,0,10000,0
1103,1,CtrlArcPrecDegree ,圆弧插补控制精度/最大允许弓高误差,0,0,99999999,0.03
1104,1,ArcMaxAcc ,圆弧插补法向加速度限制/最大机床允许加速度,0,0,99999999,1000
1105,1,ArcRToMinSpeed ,圆弧插补法向加速度嵌位的低速下限,0,0,99999999,200
1106,0,G96BaseAxis,表面速度控制时作为计数基准的轴,0,0,99999999,0
1107,1,G96MinSpeed,恒线速(G96)控制下主轴的最低转速(r/min),1,0,9999,100
1108,0,AgainStartAxisTurn  ,移动到程序再开始位置的各轴移动顺序 (不使用),0,0,1,0
1112,0,NeedAllWorkNum,需要加工总零件数 ,1,0,99999999,0
1113,0,AllWorkNum,已加工总零件数 ,1,0,99999999,0
1114,0,PowerAllTime,通电时间的累计值(小时) ,1,0,99999999,0
1115,0,CuttingAllTime,切削时间的累计值(小时) ,1,0,99999999,0
1200,1,THREAD_EXIT_TRAIL_LEN=1200 ,螺纹切削时的退尾长度TCH(0.1*螺纹导程),1,0,255,5
1201,0,THREAD_EXIT_TRAIL_TIME,螺纹退尾时短轴的加减速时间常数(ms),1,0,4000,100
1202,1,THREAD_MIN_SPEED,螺纹切削X/Z轴的起始速度(mm/min),1,6,8000,50
1203,1,THREAD_SP_SPEED_VAR,螺纹加工时主轴转速波动报警限制值(设定为0时表示不检测),1,0,100,0
1204,0,SP_SAMP_TIMES ,螺纹加工时主轴速度采样周期,1,1,200,1
1205,1,THREAD_TAIL_SPEED,螺纹加工退尾时短轴的速度(设为0时按螺纹切削进给速度退尾),1,0,8000,0
1206,0,THREAD_LAD_TIME1,在螺纹切削中直线加减速时间常数(ms),1,1,9999,100
1300,0,IfTapCanVanRun=1300,攻丝期间空运行(0:无效 1:有效),0,0,1,0
1301,0,TapSpidleCtrlStyle,攻丝时主轴控制方式为(0:跟随 1:伺服),0,0,1,0
1302,0,RigidTap_HighSpeedPeck,攻丝是否变为高速深孔攻丝循环(0:否 1:是),0,0,1,0
1303,0,RigidTap_FrontExactStop,柔性攻丝开始时主轴是否进行准停(0:否 1:是),0,0,1,0
1304,0,RigidTap_Tool_IlkTimec,刚性攻丝进刀退刀是否使用相同的时间常数(0:否 1:是),0,0,1,0
1305,0,RigidTap_Recede_DynaEna,刚性攻丝退刀时倍率是否有效(0:否 1:是),0,0,1,0
1306,0,RigidTap_Recede_Dyna,刚性攻丝退刀倍率为(0:1% 1:10%),0,0,1,0
1307,1,RigidTap_Recede_Dyn ,刚性攻丝退刀时的倍率值,0,0,1,1
1308,1,RigidTapMaxSpeed ,刚性攻丝允许的最高主轴转速(r/min),0,0,9999,0
1309,1,DeepBoreRecedeSpace ,深孔攻丝循环时回退量或留空量,0,0,9999,0
1310,0,GreaGrade1ADTime  ,主轴与攻丝轴的直线加减速时间常数(第1档齿轮),0,0,9999,200
1311,0,GreaGrade2ADTime  ,主轴与攻丝轴的直线加减速时间常数(第2档齿轮) ,0,0,9999,200
1312,0,GreaGrade3ADTime  ,主轴与攻丝轴的直线加减速时间常数(第3档齿轮) ,0,0,9999,200
1313,0,GreaGrade4ADTime  ,主轴与攻丝轴的直线加减速时间常数(第4档齿轮),0,0,9999,200
1314,0,GreaGrade5ADTime,主轴与攻丝轴的直线加减速时间常数(第5档齿轮) ,0,0,9999,200
1315,0,GreaGrade6ADTime  ,主轴与攻丝轴的直线加减速时间常数(第6档齿轮) ,0,0,9999,200
1316,0,GreaGrade7ADTime  ,主轴与攻丝轴的直线加减速时间常数(第7档齿轮),0,0,9999,200
1317,0,GreaGrade8ADTime  ,主轴与攻丝轴的直线加减速时间常数(第8档齿轮) ,0,0,9999,200
1318,0,GreaGrade1UpADTime   ,退刀时主轴与攻丝轴的时间常数(第1档齿轮) ,0,0,9999,200
1319,0,GreaGrade2UpADTime   ,退刀时主轴与攻丝轴的时间常数(第2档齿轮),0,0,9999,200
1320,0,GreaGrade3UpADTime   ,退刀时主轴与攻丝轴的时间常数(第3档齿轮),0,0,9999,200
1321,0,GreaGrade4UpADTime   ,退刀时主轴与攻丝轴的时间常数(第4档齿轮),0,0,9999,200
1322,0,GreaGrade5UpADTime   ,退刀时主轴与攻丝轴的时间常数(第5档齿轮),0,0,9999,200
1323,0,GreaGrade6UpADTime   ,退刀时主轴与攻丝轴的时间常数(第6档齿轮),0,0,9999,200
1324,0,GreaGrade7UpADTime   ,退刀时主轴与攻丝轴的时间常数(第7档齿轮),0,0,9999,200
1325,0,GreaGrade8UpADTime   ,退刀时主轴与攻丝轴的时间常数(第8档齿轮),0,0,9999,200
1400,1,G71G72SingleEnterLen,G71/G72循环车削时的单次进刀量(mm),0,1,999999,2.5
1401,1,G71G72SingleExitLen,G71/G72循环车削时的单次退刀量(mm),0,0,999999,0.5
1402,1,G73ExitLenX,G73循环车削时X轴的退刀量(mm),0,-99999999,99999999,0
1403,1,G73ExitLenZ,G73循环车削时Z轴的退刀量(mm),0,-99999999,99999999,0
1404,0,G73CutNum,G73循环车削的切削次数,0,1,9999,1
1405,1,G74G75ExitLenZ,G74/G75循环车削Z/X轴的退刀量(mm),0,0,999999,0
1406,0,G76RepeatTimes,G76循环精加工的重复次数,0,1,99,1
1407,0,G76ToolPointAngle,G76循环中的刀尖角度,0,0,99,0
1408,1,G76MinCutDepth,G76循环中的最小切削深度(mm),0,0,999999,0
1409,1,G76CutRemain,G76循环中的精加工余量(mm),0,0,999999,0
1500,0,RADIUS_PRG,(0:直径 1:半径)编程仅对X轴影响的是界面上输入输出值是直径还是半径,0,0,1,0
1501,0,MIN_SIZE_STYLE,(0:公制 1:英制)输入  重新开机后有效 ,0,0,1,0
1502,0,LineAxisMinG20G21,(0:公制 1:英制)输出  重新开机后有效 ,0,0,1,0
1503,0,G20G21_CompSet,公英制转换时刀补值(0:不进行 1:进行)自动转换,0,0,1,1
1504,0,G20G21_WorkCrdSet,公英制转换时工件坐标系值(0:不进行 1:进行)自动转换,0,0,1,1
1505,0,M02IsReset,M02执行后光标(0:不返回 1:返回)开头,0,0,1,1
1506,0,M30IsReset,M30执行后光标(0:不返回 1:返回)开头,0,0,1,1
1507,0,ResertIsReturnHead,复位时光标返回程序开头在(0:编辑 1:任何)方式有效,0,0,1,0
1508,0,PrgAutoLine,是否自动插入顺序号(0:否 1:是),0,0,1,0
1509,0,MdiToM30Clear,MDI模式执行程序后是否删除编制的程序(0:否 1:是),0,0,1,0
1510,0,MdiResetClear,MDI模式复位键是否删除编制的程序(0:否 1:是),0,0,1,1
1511,0,FirstG01OrG00,接通电源或清除状态时(0:G00方式 1:G01方式) ,1,0,1,1
1512,0,FastTrackStyle,定位(G00)插补轨迹为(0:非直线型 1:直线型),0,0,1,0
1513,0,AngleSpdCtrl,程序段与程度段之间(0:平滑过渡 1:准确执行到位)  ,0,0,1,1
1514,0,AutoAngleLimite,自动拐角倍率功能是否有效(0:否 1:是),0,0,1,0
1515,0,IsCancelG28InInterPnt,G28/G30指令移动到中间点(0:不取消 1:取消)半径补偿,0,0,1,1
1516,0,IsInterferenceChk,是否进行半径补偿干涉检查(0:否 1:是),0,0,1,1
1517,0,Default_CompRadiusMode,刀具半径补偿中起刀形式为(0:A型 1:B型),0,0,1,0
1518,0,MacroPrgSingleValid,宏程序指令语句中是否可以使用单段(0:否 1:是),0,0,1,1
1519,0,MacroPrgNotDelay,宏程序指令语句中是否延时(0:延时 1:不延时),0,0,1,1
1520,0,MinuteDegreePlatformSIM,分度指令和其它控制轴指令同段是否报警(0:否 1:是),0,0,1,0
1521,0,FastG96SpTerminus,G0定位时计算G96主轴转速根据(0:终点坐标 1:当前坐标),0,0,1,0
1522,0,ClampSpiSpAfterFord,G96主轴转速钳制(0:主轴倍率之前 1:主轴倍率之后),0,0,1,0
1523,0,G99G04Vallite,每转进给方式下G04是否为每转暂停(0:否 1:是),0,0,1,0
1524,0,OutUserAlmPermit,是否忽略外部用户报警(0:否 1:是)  ,0,0,1,0
1525,0,FeedMotorAlmPermit,是否忽略进给轴驱动器报警(0:否 1:是),0,0,1,0
1526,0,SpidleMotorAlmPermit,是否忽略主轴驱动器报警(0:否 1:是),0,0,1,0
1527,0,IsUseingOutLockEdit,是否使用外部编辑锁(0:否 1:是),0,0,1,0
1528,0,ShieldExternST,外接循环启动信号(0:有效 1:无效),0,0,1,1
1529,0,ShieldExternSP,外接暂停信号(0:有效 1:无效),0,0,1,1
1530,0,Language_en,选择英文(0:汉语 1:英语),0,0,1,0
1531,0,REST_SINGL_OUT_TIM,复位信号输出时间(ms),0,16,4080,200
1532,0,DA1_LOW_VAL,da1对应接口的能获取的最小值,1,-5000,5000,0
1533,0,DA1_HIGH_VAL,da1对应接口的能获取的最大值,1,-5000,5000,127
1600,0,SLV_ST_NUM,M3从站数量,1,0,9,2
1601,0,SLV_ADDR_1,M3从站1地址,1,3,99999,36
1602,0,SLV_ADDR_2,M3从站2地址,1,3,99999,37
1603,0,SLV_ADDR_3,M3从站3地址,1,3,99999,0
1604,0,SLV_ADDR_4,M3从站4地址,1,3,99999,0
1605,0,SLV_ADDR_5,M3从站5地址,1,3,99999,0
1606,0,SLV_ADDR_6,M3从站6地址,1,3,99999,0
1607,0,SLV_ADDR_7,M3从站7地址,1,3,99999,0
1608,0,SLV_ADDR_8,M3从站8地址,1,3,99999,0
1609,0,SLV_ADDR_9,M3从站9地址,1,3,99999,0
1610,0,SLV_ADDR_10,M3从站10地址,1,3,99999,0
1611,0,SLV_TYPE_1,M3从站1类型：0-进给轴/1-IO盒/2-主轴,1,0,5,0
1612,0,SLV_TYPE_2,M3从站1类型：0-进给轴/1-IO盒/2-主轴,1,0,5,0
1613,0,SLV_TYPE_3,M3从站1类型：0-进给轴/1-IO盒/2-主轴,1,0,5,0
1614,0,SLV_TYPE_4,M3从站1类型：0-进给轴/1-IO盒/2-主轴,1,0,5,0
1615,0,SLV_TYPE_5,M3从站1类型：0-进给轴/1-IO盒/2-主轴,1,0,5,0
1616,0,SLV_TYPE_6,M3从站1类型：0-进给轴/1-IO盒/2-主轴,1,0,5,0
1617,0,SLV_TYPE_7,M3从站1类型：0-进给轴/1-IO盒/2-主轴,1,0,5,0
1618,0,SLV_TYPE_8,M3从站1类型：0-进给轴/1-IO盒/2-主轴,1,0,5,0
1619,0,SLV_TYPE_9,M3从站1类型：0-进给轴/1-IO盒/2-主轴,1,0,5,0
1620,0,SLV_TYPE_10,M3从站1类型：0-进给轴/1-IO盒/2-主轴,1,0,5,0
end,,,,1,0,5,0
,,,,,,,
,,,,,,,
类型：0是整数的数参，1是有小数点的数参,,,,,,,
,,,,,,,
,,,,,,,
end表示文件结尾,,,,,,,
,,,,,,,
存取都已序号为索引，顺序读取即可，提高初始化速度，序号就是数组下标,,,,,,,
,,,,,,,
描述中不可以使用‘，’逗号，包括英文的逗号和中文的逗号,,,,,,,
